{
	"goofy": {
		"sounds": [
			"custom:goofySound1"]
				},
	"goofy2": {
		"sounds": [
			"custom:goofySound2"]
				},
	"ncs": {
		"sounds": [
			"custom:ncsSound1"]
				},
	"ncs2": {
		"sounds": [
			"custom:ncsSound2"]
				},
	"ncs3": {
		"sounds": [
			"custom:ncsSound3"]
				},
	"salalala": {
		"sounds": [
			"custom:salalala"]
				},
	"suckonapen": {
		"sounds": [
			"custom:suckonap"]
				},
	"tudududu": {
		"sounds": [
			"custom:tudududuSound"]
				},
	"style": {
		"sounds": [
			"custom:styleSound1"]
				}
}